Date,AD.AS,AIR.PA,ALV.DE,ASML.AS,BAS.DE,BBVA.MC,BNP.PA,ENEL.MI,ENI.MI,IBE.MC,INGA.AS,ISP.MI,ITX.MC,MC.PA,NESN.SW,NOVN.SW,PHIA.AS,ROG.SW,SAN.MC,SAN.PA,SAP.DE,SIE.DE,UBSG.SW,UCG.MI
2010-01-31,5.212206840515137,11.440961837768555,37.627628326416016,25.439428329467773,19.628868103027344,4.401395320892334,24.21718406677246,1.6260313987731934,5.976812839508057,2.8992955684661865,3.7632029056549072,1.0456985235214233,5.89928674697876,58.26201629638672,31.292556762695312,23.69955062866211,13.095480918884277,99.94638061523438,3.9906158447265625,28.27569007873535,25.631160736083984,32.732383728027344,8.887909889221191,43.76566696166992
2010-02-28,5.1554975509643555,12.210405349731445,39.67698287963867,24.929983139038086,19.63601303100586,3.78678560256958,24.672271728515625,1.6593643426895142,5.849720478057861,2.7745039463043213,3.599276304244995,0.9722832441329956,5.5987324714660645,58.652549743652344,33.12054443359375,24.90894317626953,12.838354110717773,100.45030975341797,3.744342565536499,28.33899688720703,25.38321304321289,32.04489517211914,9.382035255432129,40.234073638916016
2010-03-31,5.653860569000244,12.000924110412598,43.43412780761719,29.493330001831055,21.864347457885742,4.016769886016846,26.404388427734375,1.7249889373779297,6.132148742675781,2.943863868713379,4.052680969238281,1.0381691455841064,6.309076309204102,63.76621627807617,33.46134567260742,24.772201538085938,14.607128143310547,98.94384002685547,3.858449697494507,29.114469528198242,27.78516387939453,37.722328186035156,10.858072280883789,47.394737243652344
2010-04-30,6.044612884521484,11.303991317749023,40.481746673583984,27.698762893676758,21.745588302612305,3.9960920810699463,24.207897186279297,1.6468647718429565,5.952101230621338,2.8101589679718018,3.694671869277954,0.9402817487716675,6.02791166305542,63.987266540527344,33.76716995239258,23.945308685302734,15.646978378295898,98.42308807373047,3.744734764099121,27.252281188964844,28.067974090576172,37.81898880004883,10.687027931213379,43.20233917236328
2010-05-31,5.99775505065918,13.124879837036133,40.02313232421875,26.26088523864746,21.29070472717285,3.4241883754730225,22.172821044921875,1.5572819709777832,5.5443434715271,2.5296120643615723,3.5554144382476807,0.8489705920219421,5.947375774383545,64.50367736816406,33.47965621948242,22.836530685424805,15.007068634033203,91.82682800292969,3.3420166969299316,27.398788452148438,27.293148040771484,37.65618896484375,9.83814811706543,38.35325622558594
2010-06-30,5.9538254737854,13.592185020446777,40.2542839050293,25.486209869384766,22.304311752319336,3.4611623287200928,21.442428588867188,1.5113327503204346,5.5406975746154785,2.2526838779449463,3.3860058784484863,0.8538553714752197,6.166070938110352,67.18946075439453,33.35186767578125,22.879600524902344,15.210114479064941,86.27210235595703,3.5086147785186768,27.443115234375,28.821659088134766,37.65618896484375,9.160310745239258,40.535430908203125
2010-07-31,5.7693257331848145,14.647652626037598,43.81986618041992,27.27520751953125,22.155977249145508,4.1927409172058105,25.245267868041992,1.6315033435821533,5.7230753898620605,2.6334803104400635,4.0461015701293945,0.9925823211669922,6.646026134490967,70.03984069824219,32.90462112426758,21.987886428833008,14.711726188659668,78.40287017822266,4.001989364624023,24.694927215576172,27.533010482788086,38.047916412353516,11.276176452636719,47.39052200317383
2010-08-31,5.690252780914307,13.991004943847656,39.806732177734375,21.930511474609375,20.586116790771484,3.860485315322876,23.645587921142578,1.628255009651184,5.715781211853027,2.7039990425109863,3.847633123397827,0.865578830242157,6.89484167098999,68.6557846069336,33.60742950439453,23.205833435058594,13.604191780090332,79.84941864013672,3.7631969451904297,25.08277130126953,27.073341369628906,36.516639709472656,10.88341236114502,40.82197189331055
2010-09-30,5.791581630706787,14.740307807922363,40.77067184448242,24.421730041503906,22.870445251464844,4.018296241760254,24.98663330078125,1.693212628364563,5.959566593170166,2.744363784790039,4.172199249267578,0.9310346245765686,7.6308159828186035,80.49867248535156,33.44771194458008,24.510778427124023,14.185647010803223,77.65066528320312,3.79168438911438,27.0802001953125,28.511280059814453,39.39095687866211,10.566667556762695,41.28486251831055
2010-10-31,5.816180229187012,15.215670585632324,44.282161712646484,26.428071975708008,25.84946060180664,3.868885040283203,25.16863441467285,1.7765737771987915,6.234344005584717,2.947164297103882,4.205092906951904,0.9876978397369385,7.858680248260498,84.23929595947266,34.43803787231445,24.81526756286621,13.370380401611328,83.61042785644531,3.804212808609009,27.80325698852539,29.44240379333496,41.75655746459961,10.553994178771973,41.28486251831055
2010-11-30,5.453036308288574,13.906407356262207,41.55756378173828,27.776790618896484,28.43045425415039,3.0157523155212402,21.839954376220703,1.6073912382125854,5.968643665313721,2.575120687484741,3.7292115688323975,0.7835150957107544,7.6921892166137695,87.93244171142578,34.853336334228516,23.16277313232422,12.792000770568848,79.73368835449219,3.008422374725342,25.808603286743164,28.240192413330078,42.88085174560547,9.521402359008789,32.86477279663086
2010-12-31,5.80564022064209,14.313284873962402,43.736263275146484,32.33008575439453,29.518226623535156,3.2215757369995117,23.19297981262207,1.660674810409546,6.292104244232178,2.8799734115600586,3.9830522537231445,0.7932842373847961,7.423244476318359,92.82384490966797,34.98112869262695,23.902238845825195,14.12719440460205,79.27080535888672,3.2672290802001953,26.95553207397461,29.937435150146484,47.159271240234375,9.724120140075684,34.12117385864258
2011-01-31,5.792753219604492,16.96001625061035,49.89365768432617,33.99647903442383,27.777788162231445,3.8698155879974365,26.150474548339844,1.832736849784851,6.661773681640625,3.125629186630249,4.5636515617370605,0.949596643447876,7.311952114105225,85.82537841796875,32.61710739135742,22.85784912109375,14.007211685180664,83.08968353271484,3.797473669052124,27.63426971435547,33.17475891113281,49.25883483886719,10.725038528442383,39.87415313720703
2011-02-28,5.697865962982178,16.887502670288086,51.344482421875,35.06094741821289,29.79511260986328,3.8607523441314697,27.098791122436523,1.9173246622085571,6.8042521476745605,3.1570844650268555,4.981968402862549,0.9550676345825195,6.9502644538879395,85.97587585449219,33.60742950439453,23.824949264526367,14.557903289794922,81.06453704833984,3.7911088466644287,27.703523635864258,34.35340118408203,51.342201232910156,11.687949180603027,41.06444549560547
2011-03-31,5.545580863952637,16.549108505249023,48.703495025634766,34.665260314941406,30.17583465576172,3.694600820541382,24.718425750732422,1.9750488996505737,6.67332649230957,3.0637171268463135,4.896440029144287,0.8159496188163757,7.501410484313965,84.05693817138672,33.63938903808594,22.782758712768555,13.877999305725098,79.72787475585938,3.4758541584014893,27.41263771057129,33.944801330566406,50.87922286987305,10.439967155456543,38.44142150878906
2011-04-30,5.72406005859375,16.83110237121582,52.2789306640625,31.542814254760742,34.3143310546875,3.803976535797119,25.59010887145996,2.137563467025757,6.95058012008667,3.130622386932373,4.879444599151611,0.8761297464370728,8.020756721496582,91.24354553222656,35.51584243774414,23.481969833374023,12.736547470092773,85.2577896118164,3.6583027839660645,29.587369918823242,34.1805419921875,51.67364501953125,10.95309829711914,38.30917739868164
2011-05-31,5.98311710357666,18.4344482421875,49.42619323730469,30.47088050842285,32.82862854003906,3.5645806789398193,27.01238441467285,2.119802713394165,6.6091437339782715,3.070706367492676,4.593805313110352,0.7885814905166626,8.481276512145996,92.05050659179688,36.21028137207031,25.15157699584961,12.262585639953613,91.15231323242188,3.6019740104675293,31.910707473754883,34.40006637573242,48.927391052246094,10.351279258728027,35.48292922973633
2011-06-30,5.595434665679932,18.776126861572266,49.503265380859375,28.659893035888672,34.51961135864258,3.5535988807678223,26.519166946411133,2.0825934410095215,6.470297336578369,3.064215898513794,4.65411376953125,0.8030148148536682,8.436969757080078,94.4869384765625,34.556846618652344,23.5510196685791,11.266945838928223,85.50086212158203,3.470780372619629,32.154296875,33.26853942871094,49.82175827026367,9.71144962310791,32.80878829956055
2011-07-31,5.6087212562561035,19.687280654907227,46.795066833496094,28.191631317138672,32.29731750488281,3.269441843032837,22.6506404876709,1.8587977886199951,6.022018909454346,2.8455185890197754,4.122856616973877,0.7067930102348328,8.477249145507812,97.41822052001953,33.23409652709961,22.179121017456055,11.03791618347168,86.04779052734375,3.1926987171173096,31.487319946289062,34.77857208251953,47.02290344238281,8.305095672607422,28.0897159576416
2011-08-31,4.897365570068359,18.01141357421875,36.861515045166016,28.08443832397461,25.375001907348633,2.8196654319763184,17.870420455932617,1.5721173286437988,5.553903579711914,2.5769779682159424,3.3558521270751953,0.4959796369075775,7.9616804122924805,89.80447387695312,33.00923156738281,21.488597869873047,9.37109661102295,85.74394226074219,2.850874900817871,29.03978729248047,30.28034210205078,37.81614303588867,7.392865180969238,21.179643630981445
2011-09-30,5.323695182800293,17.250774383544922,36.4144287109375,29.42715835571289,23.543527603149414,2.793789863586426,14.97089958190918,1.5360512733459473,5.453444480895996,2.545355796813965,2.923828601837158,0.520472526550293,8.641046524047852,75.87124633789062,33.13489532470703,23.230453491210938,8.620388984680176,89.39002990722656,2.763838529586792,28.622201919555664,30.53135108947754,35.83800506591797,6.677016735076904,18.033599853515625
2011-10-31,5.594831466674805,17.385005950927734,41.73321533203125,34.15491485595703,27.17327308654785,2.9664807319641113,16.36585807800293,1.5767412185668945,6.596110820770264,2.6392195224761963,3.432058572769165,0.5646470785140991,8.829012870788574,91.55561065673828,33.66399002075195,22.686725616455078,9.60330581665039,87.93160247802734,2.799588203430176,30.135961532592773,34.76263427734375,40.099422454833984,7.101457595825195,19.056060791015625
2011-11-30,5.713190078735352,18.056161880493164,39.559444427490234,32.70499801635742,27.607511520385742,2.836284875869751,14.6819429397583,1.5049811601638794,6.468231201171875,2.4881346225738525,3.1464195251464844,0.5370926856994629,8.569700241088867,89.41355895996094,33.82933044433594,22.50335121154785,9.574678421020508,88.11390686035156,2.537623167037964,30.211355209350586,35.36027145385742,39.45231628417969,7.082452774047852,17.37067985534668
2011-12-31,6.28324031829834,19.64659881591797,37.981807708740234,36.64289474487305,27.5308895111084,3.019824981689453,15.120361328125,1.5011615753173828,6.604362487792969,2.428905963897705,3.04828143119812,0.565959095954895,8.603691101074219,83.8923110961914,35.71424865722656,24.557090759277344,10.357192039489746,96.74297332763672,2.660447835922241,32.91408157348633,32.55137252807617,38.899906158447266,7.082452774047852,14.426878929138184
2012-01-31,6.117176532745361,20.89129066467285,43.197811126708984,37.04911422729492,30.029043197631836,3.0677359104156494,16.126720428466797,1.4925670623779297,6.971499919891357,2.3282415866851807,3.8147382736206055,0.6385630369186401,9.068680763244629,94.78144073486328,34.887535095214844,22.773155212402344,9.829153060913086,94.67684173583984,2.7536957263946533,32.75168991088867,36.806549072265625,39.71535110473633,7.937669277191162,12.931061744689941
2012-02-29,6.268143653869629,22.18072509765625,46.779632568359375,38.92780685424805,33.66645050048828,3.0930168628692627,18.25153923034668,1.4381357431411743,7.140629291534424,2.2972123622894287,3.6502630710601807,0.6390002965927124,9.423543930053711,96.85189819335938,36.57404327392578,23.780426025390625,10.023193359375,95.70993041992188,2.8818929195404053,32.19490051269531,40.36052322387695,41.21279525756836,8.013689041137695,13.3268404006958
2012-03-31,6.2741827964782715,24.979248046875,45.97796630859375,42.29026412963867,33.50808334350586,2.742760181427002,17.723453521728516,1.2948946952819824,7.256135940551758,2.2015388011932373,3.424931526184082,0.587827742099762,9.764808654785156,98.80735778808594,37.566104888916016,24.10318946838379,9.670105934143066,99.6877670288086,2.6703896522521973,33.772457122802734,41.7231330871582,41.614688873291016,8.013689041137695,12.815054893493652
2012-04-30,6.01759147644043,24.263347625732422,43.259483337402344,43.893856048583984,33.036895751953125,2.4001128673553467,15.120361328125,1.1841222047805786,6.917873859405518,1.8188416957855225,2.9205398559570312,0.4999159872531891,9.23863410949707,97.39415740966797,38.072654724121094,24.147096633911133,9.542866706848145,105.20832824707031,2.280367612838745,33.441864013671875,39.91427230834961,38.520694732666016,7.1774773597717285,10.256138801574707
2012-05-31,5.966724872589111,22.022090911865234,39.70565414428711,42.36374282836914,29.950485229492188,2.1632039546966553,13.429524421691895,1.0991326570510864,6.652382850646973,1.5902583599090576,2.5608859062194824,0.43868398666381836,9.206945419311523,92.91938018798828,37.696044921875,24.34008026123047,9.576351165771484,96.19772338867188,2.075038433074951,33.43231964111328,37.85270690917969,36.61585998535156,6.998355388641357,8.454663276672363
2012-06-30,6.138169288635254,23.12784767150879,42.96421813964844,45.74942398071289,29.05802345275879,2.6459522247314453,15.836135864257812,1.297142744064331,7.15557861328125,1.9233078956604004,2.8870959281921387,0.5132127404212952,11.233793258666992,93.26959228515625,38.72318649291992,25.522106170654297,10.426839828491211,103.81230926513672,2.522414445877075,36.31357955932617,37.97098922729492,36.41216278076172,7.062267780303955,10.16742992401123
2012-07-31,6.214160442352295,24.22049903869629,44.03954315185547,53.91957473754883,31.597272872924805,2.552537202835083,15.74999713897705,1.1869213581085205,7.1811628341674805,1.6070141792297363,2.950145721435547,0.4741939306259155,11.550704956054688,95.37080383300781,41.11983871459961,27.644927978515625,11.973787307739258,109.96746826171875,2.470031261444092,40.404476165771484,42.30693054199219,38.04174041748047,6.576537609100342,9.444108963012695
2012-08-31,6.173338890075684,25.097936630249023,47.39588165283203,51.424560546875,32.83503341674805,2.911637544631958,18.039148330688477,1.3369451761245728,7.513782978057861,1.7181434631347656,3.334469795227051,0.5738067030906677,12.181772232055664,101.01289367675781,40.640506744384766,27.138338088989258,12.241659164428711,110.28472900390625,2.8293094635009766,39.54131317138672,42.755611419677734,41.5211067199707,6.825793743133545,10.74062728881836
2012-09-30,6.121212959289551,20.416908264160156,50.285133361816406,47.49079513549805,34.874942779541016,2.9308152198791504,19.30510139465332,1.4043023586273193,7.4754180908203125,1.9218804836273193,3.3712031841278076,0.5430506467819214,13.314379692077637,91.05167388916016,40.60626220703125,27.765544891357422,12.15794849395752,111.4903564453125,2.89168381690979,40.331539154052734,44.95823669433594,42.72676467895508,7.3179144859313965,11.027225494384766
2012-10-31,6.168944358825684,22.689130783081055,51.95243835449219,48.472801208496094,33.96123123168945,3.1369569301605225,20.260438919067383,1.4798245429992676,7.7784743309021,2.1735541820526123,3.736887216567993,0.5687572360038757,13.563774108886719,97.5887222290039,40.46931457519531,27.041851043701172,12.918030738830566,113.64783477783203,2.9620070457458496,41.22509765625,45.84745407104492,42.688228607177734,8.922104835510254,11.620895385742188
2012-11-30,6.126864910125732,21.430923461914062,54.282318115234375,42.23905563354492,36.60142135620117,3.179354190826416,22.41908073425293,1.4869686365127563,7.98490571975708,2.080947160720825,3.788422107696533,0.5940046310424805,14.655404090881348,105.85237121582031,41.53069305419922,27.669048309326172,13.299744606018066,115.7418441772461,3.0259649753570557,41.735694885253906,48.98009490966797,43.65715026855469,9.267228126525879,12.214563369750977
2012-12-31,6.364880561828613,24.332250595092773,56.91632080078125,42.20387649536133,37.79668426513672,3.3918309211730957,22.10063362121582,1.601272463798523,8.055176734924316,2.2852282524108887,3.871208429336548,0.5967590808868408,14.669307708740234,108.12793731689453,40.811702728271484,27.717296600341797,13.323183059692383,116.75711059570312,3.121133327484131,42.993961334228516,49.51035690307617,45.253700256347656,9.120231628417969,12.644460678100586
2013-01-31,6.795069217681885,28.64492416381836,57.21502685546875,48.62239074707031,39.661285400390625,3.6166787147521973,24.12354850769043,1.6390334367752075,8.121061325073242,2.2383432388305664,4.083930969238281,0.6894862651824951,14.349501609802246,108.95182800292969,43.75616455078125,29.912490844726562,15.409221649169922,127.7983169555664,3.235851526260376,43.680843353271484,49.22482681274414,46.409671783447266,10.085299491882324,16.226943969726562
2013-02-28,6.908111095428467,32.43196487426758,56.86199951171875,47.93657684326172,38.34383773803711,3.6690142154693604,22.502607345581055,1.41450834274292,7.668671131134033,2.1357808113098145,3.3761372566223145,0.5705933570861816,14.273028373718262,103.49833679199219,44.851783752441406,32.062652587890625,14.545340538024902,136.23779296875,3.0431361198425293,44.11850357055664,48.82509231567383,45.70927810668945,9.478137969970703,13.279071807861328
2013-03-31,7.5078582763671875,32.86240768432617,57.54088592529297,46.134124755859375,36.29330825805664,3.3391926288604736,20.902551651000977,1.2991840839385986,7.699418544769287,2.047306537628174,3.035672426223755,0.5242297053337097,14.377307891845703,105.06767272949219,47.00878143310547,33.976844787597656,15.45944595336914,145.1309051513672,2.7451584339141846,48.18509292602539,50.9869384765625,48.241031646728516,9.29918384552002,11.361592292785645
2013-04-30,7.817294597625732,33.19765090942383,60.853763580322266,50.090782165527344,39.074039459228516,3.7065515518188477,22.08758544921875,1.498194932937622,7.97612190246582,2.304840326309204,3.4167075157165527,0.6321054697036743,14.18959903717041,104.713134765625,46.89438247680664,34.78282165527344,14.043085098266602,152.6172637939453,2.9556100368499756,50.58613967895508,49.20035934448242,45.525569915771484,10.609378814697266,13.511082649230957
2013-05-31,8.172921180725098,37.30012893676758,67.5541763305664,57.020973205566406,41.44867706298828,3.6446924209594727,24.446680068969727,1.4890098571777344,7.9113264083862305,2.3516125679016113,3.964961051940918,0.6932141184806824,13.468523979187012,108.81405639648438,44.810970306396484,34.75762176513672,15.193397521972656,157.0171661376953,2.9819846153259277,51.826168060302734,47.34034729003906,46.851722717285156,11.202662467956543,15.310816764831543
2013-06-30,7.46166467666626,34.45960998535156,63.32322692871094,53.7910270690918,37.81234359741211,3.241347074508667,22.639812469482422,1.3062644004821777,7.13375186920166,2.2856802940368652,3.8377654552459717,0.5848845839500427,13.330775260925293,99.13907623291016,43.75161361694336,33.800533294677734,14.534173965454102,154.32470703125,2.63857364654541,50.01089859008789,46.57404327392578,44.57831954956055,10.590169906616211,12.537169456481934
2013-07-31,8.081565856933594,37.66515350341797,66.11565399169922,59.98469924926758,36.726959228515625,3.635007619857788,26.231977462768555,1.3572144508361816,7.50897741317749,2.435565710067749,4.210577011108398,0.6775349378585815,14.084183692932129,108.81405639648438,44.28129196166992,33.54866027832031,16.695741653442383,149.72779846191406,3.0481059551239014,50.356353759765625,45.77104949951172,48.763816833496094,12.006145477294922,14.258502960205078
2013-08-31,7.866232872009277,36.59104537963867,61.151344299316406,58.84003448486328,36.434940338134766,3.6870975494384766,25.57395362854004,1.3561301231384277,7.811866760253906,2.3545756340026855,4.503891468048096,0.7055676579475403,14.077150344848633,105.54924011230469,43.11598205566406,34.17832946777344,16.230810165405273,152.42027282714844,2.9626641273498535,45.65802764892578,46.30085372924805,47.44859313964844,11.867841720581055,14.9066162109375
2013-09-30,8.355627059936523,39.519676208496094,65.5515365600586,64.77638244628906,39.063018798828125,4.268754482269287,26.968202590942383,1.5349962711334229,7.904896259307861,2.5206634998321533,4.57845401763916,0.7245728373527527,16.00986099243164,115.9409408569336,44.66971969604492,35.009490966796875,16.536136627197266,160.16934204101562,3.3443710803985596,47.09012985229492,45.257781982421875,52.762794494628906,12.183963775634766,16.41888427734375
2013-10-31,9.14845085144043,42.46928024291992,69.89530181884766,62.04335403442383,42.220008850097656,4.4594526290893555,29.41691780090332,1.7615598440170288,8.697715759277344,2.7160959243774414,5.144250869750977,0.8699624538421631,17.00784683227539,112.9150161743164,46.25876235961914,35.488040924072266,18.09745979309082,164.9632568359375,3.712477922439575,49.332523345947266,47.89858627319336,55.79608154296875,11.564887046813965,19.30403709411621
2013-11-30,8.743884086608887,43.85386657714844,72.12361145019531,61.1293830871582,43.30540084838867,4.5447235107421875,29.799867630004883,1.8146779537200928,8.259330749511719,2.7513089179992676,5.240193843841553,0.8457309007644653,16.648046493530273,111.43030548095703,46.75312423706055,36.092529296875,18.281349182128906,165.94830322265625,3.7147483825683594,48.89283752441406,50.45660400390625,57.58525848388672,11.380480766296387,18.60713768005371
2013-12-31,8.515499114990234,46.83283996582031,73.53392028808594,60.375152587890625,42.69383239746094,4.624311923980713,30.55497932434082,1.7203667163848877,8.156732559204102,2.7202041149139404,5.537346839904785,0.8523827195167542,16.995616912841797,106.49122619628906,46.11751937866211,35.8658447265625,18.48952293395996,163.6498260498047,3.6937432289123535,48.44059371948242,51.58245086669922,58.82346725463867,11.143385887145996,18.74652099609375
2014-01-31,8.068516731262207,44.14756774902344,69.83891296386719,55.885162353515625,43.81779098510742,4.578832149505615,30.98646354675293,1.836358666419983,7.8582587242126465,2.759265422821045,5.394802570343018,0.9550104737281799,15.704628944396973,106.12981414794922,46.47063064575195,36.1680793762207,17.930919647216797,163.71551513671875,3.722282886505127,45.72711944580078,46.905181884765625,57.60328674316406,11.848081588745117,19.44341468811035
2014-02-28,8.822187423706055,44.80210876464844,73.167236328125,55.9472770690918,45.96102523803711,4.648601055145264,32.070594787597656,2.016308307647705,8.152069091796875,2.9039504528045654,5.795024871826172,1.0671412944793701,14.796682357788086,108.29818725585938,47.035621643066406,38.494117736816406,17.597835540771484,178.22862243652344,3.812873125076294,47.31625747680664,48.4449577331543,59.31986618041992,12.427645683288574,20.088041305541992
2014-03-31,9.48465633392334,43.62730026245117,69.21834564208984,59.65638732910156,44.45140075683594,4.592210292816162,30.198999404907227,2.226611852645874,8.492514610290527,3.0600905418395996,5.633291244506836,1.1688188314437866,15.449271202087402,105.96918487548828,47.00031280517578,39.30644989013672,17.698453903198242,179.3135986328125,4.019021987915039,47.53609848022461,48.64363098144531,59.896141052246094,12.02590274810791,23.102123260498047
2014-04-30,9.359888076782227,41.52943420410156,70.43123626708984,53.269081115722656,45.96653366088867,4.659107685089111,29.18499755859375,2.2081832885742188,8.72569751739502,3.035372018814087,5.611361026763916,1.1688188314437866,15.342867851257324,115.39230346679688,49.56426239013672,39.98776626586914,16.012224197387695,174.5770263671875,4.2313008308410645,49.005897521972656,48.04758834838867,58.24087142944336,12.1181058883667,22.44007110595703
2014-05-31,8.97283935546875,44.77981185913086,73.27428436279297,56.43313217163086,48.084938049316406,4.953561305999756,28.52687644958496,2.250460624694824,8.981673240661621,3.182469129562378,5.633291244506836,1.1942195892333984,15.279741287231445,118.81133270263672,51.24192810058594,42.084110260009766,16.654943466186523,178.2986297607422,4.4420671463012695,51.105342864990234,47.34524917602539,59.74900436401367,12.005962371826172,22.664505004882812
2014-06-30,9.228629112243652,41.65604019165039,71.68392944335938,60.959632873535156,48.403717041015625,4.903520584106445,27.513412475585938,2.3753581047058105,9.601595878601074,3.365736961364746,5.625068664550781,1.0960780382156372,16.1262264251709,114.61898040771484,50.111324310302734,42.084110260009766,16.658538818359375,178.97528076171875,4.504648208618164,50.54502487182617,47.547584533691406,59.129817962646484,10.864127159118652,21.672155380249023
2014-07-31,8.787728309631348,36.90653610229492,73.56879425048828,63.42454528808594,44.19692611694336,4.898079872131348,27.48842430114746,2.380941390991211,9.159479141235352,3.444082498550415,5.342718124389648,1.08344566822052,15.677875518798828,104.68750762939453,49.272499084472656,41.6910400390625,16.59025001525879,179.11062622070312,4.547466278076172,51.22262191772461,49.62146759033203,56.64691162109375,10.463482856750488,20.76841163635254
2014-08-31,8.750704765319824,39.838802337646484,76.45501708984375,65.26202392578125,44.56694412231445,4.893296718597412,28.532426834106445,2.248046636581421,9.121034622192383,3.4558393955230713,5.7374587059021,1.0999647378921509,15.817755699157715,107.49598693847656,51.97135543823242,43.15848159790039,16.669321060180664,181.1405792236328,4.573376178741455,54.40205001831055,49.908103942871094,58.44931411743164,10.990996360778809,20.874732971191406
2014-09-30,8.629542350769043,42.40506362915039,75.60093688964844,70.64899444580078,41.3449592590332,5.116789817810059,29.165496826171875,2.346322774887085,9.343561172485352,3.508434534072876,6.200732707977295,1.1689553260803223,15.69222354888916,104.76891326904297,51.24192810058594,47.2463493347168,18.16086196899414,191.5610809326172,4.586030006408691,58.35026168823242,48.1377067565918,57.85463333129883,11.124543190002441,22.186050415039062
2014-10-31,8.979570388793945,40.515480041503906,74.62903594970703,71.21367645263672,39.98444747924805,4.772312641143799,27.843830108642578,2.272615671157837,8.417623519897461,3.4904894828796387,6.255558013916016,1.1359175443649292,16.079599380493164,110.18235778808594,51.351348876953125,46.80088424682617,16.02238655090332,191.96705627441406,4.328569412231445,47.99106979370117,45.726619720458984,55.12039566040039,11.151254653930664,20.413999557495117
2014-11-30,9.561829566955566,41.70285415649414,81.55004119873047,76.12556457519531,41.561279296875,4.627664089202881,28.632383346557617,2.166522979736328,7.9571309089660645,3.6792149543762207,6.458409309387207,1.2039363384246826,16.98028564453125,117.63097381591797,52.91960525512695,49.00204086303711,17.434858322143555,195.82394409179688,4.46468448638916,50.72745895385742,47.78363037109375,58.338958740234375,11.618671417236328,21.069660186767578
2014-12-31,9.932049751281738,35.1956901550293,80.90213012695312,80.22180938720703,39.77951431274414,4.250259876251221,27.355144500732422,2.0637805461883545,7.184690952301025,3.538914442062378,5.937571048736572,1.1767289638519287,17.190584182739258,108.60318756103516,53.21136474609375,48.399349212646484,17.359384536743164,182.62921142578125,4.30886173248291,49.29411315917969,49.115638732910156,57.474544525146484,11.411673545837402,18.907758712768555
2015-01-31,10.793659210205078,40.17501449584961,86.23277282714844,83.60997009277344,45.255741119384766,4.112803936004639,25.975175857543945,2.2368791103363037,7.377799987792969,3.874660015106201,6.09656286239624,1.262238621711731,18.952791213989258,117.84163665771484,51.387821197509766,47.2463493347168,17.6433162689209,168.2164764404297,3.760049343109131,53.424766540527344,48.77842330932617,59.1850471496582,10.276514053344727,18.5533504486084
2015-02-28,11.28504467010498,47.09498977661133,88.11764526367188,86.59474182128906,48.756656646728516,4.8596038818359375,28.92670440673828,2.2994179725646973,8.259176254272461,3.8613815307617188,7.3219075202941895,1.4497768878936768,20.36690902709961,134.59405517578125,54.269039154052734,51.072181701660156,19.242677688598633,175.1183319091797,4.121542930603027,57.138431549072266,52.976776123046875,63.52528762817383,11.184642791748047,21.069660186767578
2015-03-31,12.351957321166992,51.44443893432617,95.33316040039062,84.96343994140625,52.68450927734375,5.1623711585998535,31.414548873901367,2.3519060611724854,7.986840724945068,3.7949910163879395,7.480903625488281,1.5382014513015747,21.668624877929688,134.79931640625,53.53961181640625,52.0387077331543,18.994688034057617,187.16574096679688,4.426888465881348,59.89436721801758,56.93064498901367,64.08531188964844,12.232994079589844,22.43413543701172
2015-04-30,11.941155433654785,52.77225875854492,89.88469696044922,87.29545593261719,50.93690490722656,4.938492298126221,31.342355728149414,2.365307331085205,8.506752014160156,3.7791850566864014,7.56313943862915,1.4653239250183105,20.794769287109375,130.13729858398438,54.761131286621094,52.30930709838867,18.441200256347656,188.07330322265625,4.354159355163574,59.41875076293945,57.267860412597656,62.055198669433594,12.593571662902832,22.859426498413086
2015-05-31,12.77979850769043,52.77225875854492,87.9916763305664,91.84484100341797,49.47955322265625,4.9346513748168945,31.32220458984375,2.466933488845825,8.392867088317871,3.9808850288391113,8.279359817504883,1.6288623809814453,22.07180404663086,134.74942016601562,54.761131286621094,52.22814178466797,18.432071685791016,192.82054138183594,4.178858280181885,59.95696258544922,57.73042678833008,60.954227447509766,13.851304054260254,23.012502670288086
2015-06-30,11.59603500366211,50.51555633544922,86.11164855957031,83.67581939697266,46.31802749633789,4.8243584632873535,30.87743377685547,2.346226930618286,8.152192115783691,3.8202836513519287,8.188136100769043,1.6139730215072632,21.33631706237793,130.5943603515625,50.70475769042969,49.873809814453125,16.957059860229492,182.9072265625,4.0370707511901855,59.34495162963867,53.62701416015625,57.49858093261719,13.584137916564941,21.76613998413086
2015-07-31,12.510602951049805,56.07052230834961,91.90583801269531,81.81633758544922,46.159366607666016,5.09994649887085,33.819766998291016,2.474391460418701,8.172675132751465,4.159057140350342,8.564093589782715,1.738048791885376,22.814603805541992,141.85459899902344,54.986488342285156,54.338905334472656,18.8110408782959,194.84507751464844,4.049960613250732,65.88876342773438,55.90574264526367,62.010658264160156,15.241909980773926,21.802268981933594
2015-08-31,12.158578872680664,50.420074462890625,87.6834716796875,73.72858428955078,42.204532623291016,4.573568344116211,32.0863037109375,2.3185153007507324,7.491619110107422,3.9201576709747314,7.666203498840332,1.6149659156799316,21.764436721801758,123.53070068359375,53.559261322021484,51.253929138183594,17.0313663482666,184.303466796875,3.547126054763794,59.29786682128906,51.391136169433594,56.29579544067383,13.721147537231445,21.061677932739258
2015-09-30,12.017081260681152,45.92401885986328,86.4506607055664,70.55126953125,40.14777374267578,4.195528507232666,29.91375732421875,2.3023505210876465,7.398576259613037,3.8502357006073,7.107177734375,1.5663282871246338,21.90348243713379,126.48078918457031,55.0240478515625,48.38543701171875,15.638093948364258,179.4166259765625,3.0819718837738037,57.09194564819336,49.6435432434082,50.873687744140625,12.499722480773926,20.122392654418945
2015-10-31,12.783247947692871,54.9942512512207,98.2239761352539,76.37338256835938,43.79704284667969,4.386168479919434,31.510374069213867,2.4224331378936768,7.825111389160156,4.206320762634277,7.435850620269775,1.5722837448120117,24.95884895324707,140.9405059814453,56.789329528808594,48.628990173339844,18.272308349609375,187.3053741455078,3.345733165740967,61.772823333740234,61.57683563232422,58.23044204711914,13.728177070617676,21.242307662963867
2015-11-30,14.212047576904297,59.403507232666016,103.34014129638672,78.95494842529297,46.035953521728516,4.3951191902160645,31.995065689086914,2.409731864929199,8.120001792907715,4.293074607849121,7.301011085510254,1.611987829208374,25.117454528808594,131.92398071289062,57.35271072387695,47.60065841674805,19.230880737304688,192.3318328857422,3.3903419971466064,56.74894332885742,63.89838790893555,62.456138610839844,13.707355499267578,20.06820297241211
2015-12-31,13.721972465515137,54.317237854003906,100.8128890991211,75.90396881103516,41.55812072753906,3.7702012062072754,29.987886428833008,2.2469277381896973,7.2669267654418945,4.240633010864258,7.087513446807861,1.532579779624939,23.369705200195312,123.33301544189453,56.000587463378906,46.978248596191406,17.785593032836914,192.9601287841797,2.9901678562164307,53.608177185058594,62.86183547973633,57.199485778808594,13.547724723815918,18.55089569091797
2016-01-31,14.374251365661621,50.185726165771484,91.62844848632812,76.0213394165039,35.90499496459961,3.3412556648254395,24.932884216308594,2.175339937210083,6.993102550506592,4.258883953094482,5.952613830566406,1.299317717552185,22.259845733642578,124.21304321289062,56.48885726928711,42.4860954284668,18.201717376708984,184.233642578125,2.581463098526001,51.48295593261719,62.699073791503906,58.63014602661133,11.680749893188477,12.817638397216797
2016-02-29,13.956655502319336,51.88693618774414,84.6014633178711,76.38239288330078,35.36436080932617,3.318021774291992,24.51947784423828,2.1383919715881348,6.819327354431152,3.9392037391662598,6.1211652755737305,1.1623388528823853,21.105743408203125,128.90667724609375,52.65782928466797,40.56198501586914,17.414051055908203,179.4166259765625,2.4937527179718018,49.22321701049805,59.91492462158203,56.821651458740234,10.646625518798828,12.413022994995117
2016-03-31,13.64604377746582,50.64574432373047,88.11495971679688,80.5887680053711,38.96073913574219,3.310654401779175,25.22084617614746,2.2503912448883057,7.003634929656982,3.8711721897125244,5.9722771644592285,1.207998275756836,21.802631378173828,126.1407470703125,53.97239685058594,39.458065032958984,18.60297966003418,170.47938537597656,2.5741541385650635,47.65620803833008,60.90863037109375,61.93465805053711,10.750731468200684,11.452061653137207
2016-04-30,13.467723846435547,47.399559020996094,91.38189697265625,76.18382263183594,42.3984489440918,3.4683713912963867,26.366992950439453,2.2850310802459717,7.477563381195068,4.097722053527832,6.234607219696045,1.2010502815246582,20.88920783996582,123.39785766601562,55.42848587036133,41.4394645690918,17.833892822265625,174.65675354003906,2.969921588897705,48.49686813354492,58.52712631225586,60.58493423461914,11.52112102508545,12.63013744354248
2016-05-31,14.11275863647461,49.80910110473633,95.05884552001953,81.70843505859375,42.50865936279297,3.455618143081665,28.37700843811035,2.3519999980926514,7.452528476715088,4.0263895988464355,6.526080131530762,1.2192293405532837,22.621593475341797,122.50491333007812,56.90141296386719,44.66630554199219,18.645633697509766,187.9090576171875,2.8825907707214355,51.67965316772461,63.56924819946289,64.35486602783203,11.27945613861084,10.765938758850098
2016-06-30,14.105673789978027,45.994728088378906,82.81200408935547,80.78532409667969,42.02497482299805,2.9356231689453125,23.794042587280273,2.392975091934204,7.8813371658325195,4.020443916320801,5.3508620262146,0.8991022706031799,22.286293029785156,115.65892028808594,58.258060455322266,45.37394714355469,17.24066925048828,184.4519500732422,2.3035199642181396,52.54226303100586,58.51578903198242,61.04370880126953,9.230648040771484,7.374443531036377
2016-07-31,15.175066947937012,46.794952392578125,83.135986328125,90.42765045166016,43.01682662963867,3.0784075260162354,26.547222137451172,2.475947380065918,7.42539119720459,4.0787811279296875,5.829461097717285,1.0406767129898071,23.053756713867188,130.4564666748047,60.234886169433594,45.458866119384766,18.37618637084961,178.25791931152344,2.5866150856018066,53.404869079589844,68.31777954101562,64.57427215576172,9.80343246459961,8.205472946166992
2016-08-31,15.249661445617676,46.492645263671875,86.53789520263672,87.16481018066406,44.6331672668457,3.2863848209381104,27.295366287231445,2.3797473907470703,7.349399566650391,3.9161601066589355,6.696230888366699,1.125198483467102,23.668476104736328,129.0107421875,60.70001220703125,43.817138671875,20.046749114990234,172.71214294433594,2.7406935691833496,48.4395866394043,68.62273406982422,71.17665100097656,10.442307472229004,8.632216453552246
2016-09-30,14.414891242980957,47.87079620361328,85.59831237792969,89.28519439697266,46.59849548339844,3.1709065437316895,27.394121170043945,2.3857595920562744,7.181087017059326,4.0170512199401855,6.558962821960449,1.0427896976470947,24.588687896728516,129.0957794189453,59.3433723449707,43.25101852416992,20.308494567871094,173.576416015625,2.690925121307373,47.43671798706055,70.50471496582031,69.28172302246094,9.715312004089355,7.756267070770264
2016-10-31,14.773666381835938,48.14643096923828,92.0133285522461,88.19759368896484,49.1638298034668,3.934030294418335,31.625635147094727,2.3568999767303467,7.399543762207031,4.121260166168213,7.158760070800781,1.114633321762085,23.950292587280273,140.7892303466797,55.62229919433594,39.854347229003906,21.139925003051758,163.8532257080078,3.0866572856903076,49.76506805419922,69.91222381591797,68.78304290771484,10.280753135681152,8.460020065307617
2016-11-30,13.221349716186523,53.58790588378906,97.06758117675781,89.2212142944336,49.58628845214844,3.484290599822998,32.78675842285156,2.2931671142578125,7.360332489013672,3.781285285949707,7.669036388397217,1.107237696647644,24.273693084716797,147.25015258789062,53.025299072265625,39.76942443847656,20.89357566833496,163.2770538330078,2.973588705062866,53.37682342529297,68.72728729248047,70.87745666503906,11.874271392822266,7.569098472595215
2016-12-31,14.230178833007812,55.87297439575195,101.73304748535156,97.47431945800781,54.067970275878906,3.8359484672546387,36.240196228027344,2.5180344581604004,8.665475845336914,4.137855052947998,7.97937536239624,1.2815641164779663,24.390262603759766,155.56887817382812,56.63008499145508,41.94896697998047,22.32548713684082,167.5264434814453,3.4189722537994385,53.93085861206055,72.15145874023438,77.65934753417969,11.712717056274414,10.234379768371582
2017-01-31,13.992178916931152,55.80183792114258,101.60346984863281,102.7295913696289,54.563899993896484,3.7993147373199463,35.420230865478516,2.374856948852539,7.959691047668457,3.95930552482605,7.907758712768555,1.1463291645050049,22.96505355834961,160.02842712402344,56.04867172241211,41.01487731933594,20.889728546142578,167.8145294189453,3.586792469024658,52.240699768066406,73.73719024658203,77.29366302490234,11.72740364074707,9.418325424194336
2017-02-28,14.251492500305176,61.63454055786133,106.39850616455078,104.60324096679688,53.816951751708984,3.740583896636963,32.996246337890625,2.490403413772583,8.133337020874023,4.257916450500488,7.767507553100586,1.1621768474578857,22.80335807800293,162.4725341796875,57.56035614013672,44.38324737548828,21.967510223388672,176.24127197265625,3.5902764797210693,57.03766632080078,76.62987518310547,84.39321899414062,11.360234260559082,9.44946002960205
2017-03-31,14.251492500305176,63.42169952392578,112.52193450927734,113.69719696044922,56.89045333862305,4.401755332946777,37.365413665771484,2.71289324760437,8.598258972167969,4.550419807434082,8.456827163696289,1.3449558019638062,24.84903907775879,176.5372314453125,59.57594299316406,43.92109680175781,23.19541358947754,190.28607177734375,4.00196647644043,59.3449821472168,80.14117431640625,88.24176788330078,11.771463394165039,10.794047355651855
2017-04-30,13.92188549041748,67.27339935302734,113.2671127319336,112.00679779052734,54.77206039428711,4.5312371253967285,38.77193069458008,2.6821627616882324,8.219738006591797,4.480517387390137,8.919352531433105,1.4125733375549316,26.741138458251953,196.7223663330078,61.25536346435547,45.2207145690918,24.496450424194336,193.633544921875,4.20880651473999,60.7405891418457,80.21958923339844,90.44093322753906,12.483773231506348,11.160075187683105
2017-05-31,14.368378639221191,66.22210693359375,115.72737884521484,108.45323181152344,53.11024475097656,4.471429347991943,39.193756103515625,2.9243195056915283,8.116055488586426,4.817134380340576,9.132888793945312,1.4373891353607178,27.641117095947266,197.2869415283203,66.05030059814453,46.84523010253906,24.81483268737793,197.7249298095703,4.063990116119385,63.87955856323242,84.26410675048828,87.3139877319336,11.308829307556152,11.630680084228516
2017-06-30,12.253015518188477,65.25238037109375,116.74312591552734,105.31501770019531,51.368186950683594,4.479445457458496,39.3434944152832,2.884984016418457,7.58035945892334,4.705154895782471,9.261693954467773,1.5660094022750854,25.525983810424805,189.60043334960938,66.68963623046875,47.14059829711914,24.526931762695312,181.656982421875,4.071722030639648,60.68449020385742,80.74132537841797,82.70947265625,11.925674438476562,12.213335037231445
2017-07-31,12.659255027770996,63.98360061645508,121.88957977294922,118.28325653076172,51.05146026611328,4.717443466186523,40.90950012207031,3.0202443599700928,7.701325416564941,4.64130973815918,9.700243949890137,1.6427305936813354,25.51078987121582,184.73666381835938,65.29109954833984,48.676513671875,25.540502548217773,182.17770385742188,4.126931667327881,58.48200607299805,79.1785888671875,78.86093139648438,12.351591110229492,12.429964065551758
2017-08-31,11.05260181427002,63.99264907836914,121.72030639648438,120.45231628417969,51.54557800292969,4.576247692108154,39.873809814453125,3.1836538314819336,7.586122035980225,4.778515338897705,9.281217575073242,1.5998573303222656,24.23867416381836,191.2940673828125,65.01139068603516,47.7904052734375,25.067241668701172,181.13626098632812,3.9424021244049072,59.16303253173828,77.78360748291016,75.45909118652344,11.602566719055176,12.766107559204102
2017-09-30,11.579611778259277,72.87422943115234,128.6273651123047,132.9590301513672,57.03776550292969,4.661952018737793,42.58156967163086,3.1899142265319824,8.30475902557373,4.577235221862793,9.717248916625977,1.687860369682312,24.215885162353516,202.75868225097656,64.81161499023438,48.97187423706055,27.551877975463867,183.88865661621094,4.265941143035889,60.865623474121094,81.83612823486328,81.91913604736328,12.153319358825684,13.460813522338867
2017-10-31,11.824820518493652,79.5263442993164,134.99269104003906,142.88137817382812,59.305599212646484,4.68956184387207,41.82664489746094,3.3339133262634277,8.328485488891602,4.832144737243652,9.879203796386719,1.6280633211135864,24.635623931884766,222.43093872070312,67.04924774169922,48.55835723876953,27.571598052978516,171.46571350097656,4.23537015914917,58.89497375488281,86.22415161132812,84.18704986572266,12.469086647033691,12.27309513092041
2017-11-30,13.171625137329102,79.10944366455078,134.1800994873047,136.23574829101562,59.54630661010742,4.4829535484313965,39.667930603027344,3.4153048992156982,8.19205093383789,4.6468825340271,9.440057754516602,1.5919594764709473,22.827960968017578,212.35595703125,67.32896423339844,49.73982620239258,25.733753204345703,184.6325225830078,4.104445934295654,55.497039794921875,83.56660461425781,78.48294067382812,12.47642993927002,12.62417984008789
2017-12-31,13.420490264892578,75.22149658203125,129.67697143554688,133.974365234375,58.11467361450195,4.439260482788086,38.838130950927734,3.2118277549743652,8.186119079589844,4.499230861663818,9.545950889587402,1.5626249313354492,22.294490814208984,214.5275421142578,66.96934509277344,48.676513671875,24.877933502197266,183.36793518066406,3.9851605892181396,52.0556526184082,82.50712585449219,79.82304382324219,13.174052238464355,11.63814926147461
2018-01-31,13.153326988220215,83.8311996459961,137.80294799804688,150.63458251953125,59.749027252197266,4.723891735076904,41.55211639404297,3.2628684043884277,8.593052864074707,4.667522430419922,9.860517501831055,1.7829153537750244,22.16016387939453,220.82177734375,64.26819610595703,49.73982620239258,25.91911506652832,170.68466186523438,4.395357131958008,51.526763916015625,80.19393157958984,83.95337677001953,13.87901782989502,13.258590698242188
2018-02-28,13.542729377746582,89.1238784790039,130.02911376953125,148.8809356689453,54.73826599121094,4.300689220428467,40.78472137451172,3.051515817642212,8.135103225708008,4.32446813583374,9.018356323242188,1.7465293407440186,19.158903121948242,215.48919677734375,60.160518646240234,46.76252746582031,24.870044708251953,163.1342010498047,4.163211345672607,47.11452865600586,76.10608673095703,77.11542510986328,13.269515991210938,13.034449577331543
2018-03-31,14.084380149841309,85.00936126708984,124.19193267822266,147.8194122314453,52.24238967895508,4.012936592102051,37.540409088134766,3.173474073410034,8.47559928894043,4.250448703765869,8.533738136291504,1.6661416292190552,19.519676208496094,218.7236785888672,60.43223571777344,47.661468505859375,24.582143783569336,169.13584899902344,3.889925479888916,47.331878662109375,75.02012634277344,73.61664581298828,12.333232879638672,12.692265510559082
2018-04-30,15.126002311706543,89.74317932128906,133.0357208251953,146.6510772705078,54.68124771118164,4.299894332885742,39.91748809814453,3.363754987716675,9.609793663024902,4.566457271575928,8.972551345825195,1.7809408903121948,20.08308982849121,255.98342895507812,63.46878433227539,47.31601333618164,27.772737503051758,170.4867706298828,3.99194598197937,47.66514587402344,81.59773254394531,75.12425994873047,12.314875602722168,13.67226791381836
2018-05-31,14.86060905456543,89.6602554321289,124.45299530029297,155.86917114257812,55.34474563598633,3.7306225299835205,34.94900131225586,3.0029873847961426,9.416175842285156,4.321621894836426,7.997999668121338,1.5214418172836304,21.041282653808594,262.8408508300781,61.32511901855469,45.00880813598633,28.25065803527832,162.9215850830078,3.417634963989258,49.8455810546875,86.30500030517578,79.29149627685547,11.348928451538086,10.751297950744629
2018-06-30,15.504057884216309,92.37834167480469,124.90457153320312,158.01072692871094,53.80757522583008,3.8807666301727295,35.034629821777344,3.037468433380127,9.66905689239502,4.714496612548828,7.914538860321045,1.504500150680542,22.7940731048584,252.35565185546875,63.40282440185547,46.44001770019531,29.384075164794922,170.25518798828125,3.411691188812256,52.139244079589844,88.64312744140625,80.51465606689453,11.711939811706543,10.874526023864746
2018-07-31,16.449195861816406,97.66710662841797,133.4563751220703,170.86012268066406,53.9718017578125,4.016215801239014,36.668128967285156,3.129984140396118,10.008258819580078,4.862844944000244,8.411445617675781,1.5937474966049194,21.851457595825195,264.4336242675781,66.5358657836914,51.35050582885742,30.28354263305664,187.62420654296875,3.6296846866607666,56.483551025390625,89.44939422607422,85.87661743164062,12.468534469604492,11.53478717803955
2018-08-31,15.848089218139648,97.90667724609375,129.5756072998047,163.56021118164062,52.3492317199707,3.4309706687927246,33.335262298583984,2.7953319549560547,9.714041709899902,4.6961188316345215,7.618885517120361,1.2872809171676636,20.29342269897461,267.35357666015625,67.09651947021484,49.58618927001953,30.9652099609375,185.8873291015625,3.229398727416992,56.194950103759766,92.82670593261719,79.63285064697266,11.566734313964844,9.458159446716309
2018-09-30,14.933196067810059,99.67573547363281,135.47438049316406,149.81689453125,50.286529541015625,3.5076403617858887,34.718467712402344,2.895071268081665,10.159233093261719,4.634693145751953,7.316640853881836,1.3317532539367676,20.340166091918945,269.521484375,67.45928955078125,52.06611251831055,31.65089988708496,183.5328369140625,3.265172004699707,58.14684295654297,94.95879364013672,78.46659088134766,11.845681190490723,9.861316680908203
2018-10-31,15.296127319335938,90.02880859375,130.14007568359375,140.5243377685547,44.68964767456055,3.1815483570098877,30.38442039489746,2.8438892364501953,9.799836158752441,4.57473087310791,6.856081008911133,1.1816964149475098,19.71487808227539,237.84423828125,70.18008422851562,54.43499755859375,26.556589126586914,189.20672607421875,3.185530424118042,59.878482818603516,84.80000305175781,72.33660888671875,10.768107414245605,8.607733726501465
2018-11-30,17.16750144958496,87.18172454833984,131.59361267089844,138.8296661376953,42.28535842895508,3.268170118331909,29.228458404541016,3.1431074142456055,8.888861656188965,4.818970203399658,6.989539623260498,1.2391778230667114,21.423030853271484,223.4656524658203,70.19656372070312,56.11296081542969,26.81876564025879,200.01412963867188,3.1779367923736572,60.615196228027344,81.44954681396484,72.82017517089844,10.313385963439941,8.660979270935059
2018-12-31,16.69115447998047,77.35971069335938,123.57805633544922,127.71214294433594,39.67742156982422,3.0190517902374268,26.000978469848633,3.3097782135009766,8.578132629394531,5.131947040557861,6.1560797691345215,1.173709511756897,17.674591064453125,230.2007293701172,65.7938232421875,51.84403610229492,24.95125389099121,187.8944091796875,3.016951322555542,57.46329116821289,77.87515258789062,69.25028991699219,9.350445747375488,7.526060581207275
2019-01-31,17.405677795410156,92.34149169921875,130.478759765625,142.66590881347656,41.92405700683594,3.36716628074646,26.982397079467773,3.5490572452545166,9.238277435302734,5.379608154296875,6.746173858642578,1.2069883346557617,19.256210327148438,249.41384887695312,71.26840209960938,53.361595153808594,27.718236923217773,203.75814819335938,3.1853983402252197,57.584815979003906,80.84934997558594,71.116943359375,9.820452690124512,7.673631191253662
2019-02-28,17.144821166992188,104.6696548461914,138.01451110839844,150.02171325683594,44.0064582824707,3.5651583671569824,29.67635726928711,3.5854506492614746,9.46290111541748,5.4931769371032715,7.609726905822754,1.3123910427093506,20.988086700439453,269.2510070800781,74.5003662109375,56.16232681274414,28.234527587890625,214.06375122070312,3.3118276596069336,55.822792053222656,84.38790893554688,71.3768081665039,9.705816268920898,9.102167129516602
2019-03-31,17.938735961914062,108.63162994384766,139.90553283691406,155.68289184570312,43.0473747253418,3.317016839981079,28.065908432006836,3.844250202178955,9.82978630065918,5.847333908081055,7.054959774017334,1.3136011362075806,20.71921157836914,292.3424377441406,78.30950164794922,61.41563034057617,29.29533576965332,217.64813232421875,3.1950347423553467,59.80253219604492,92.27127075195312,71.23572540283203,9.243453025817871,8.692928314208984
2019-04-30,16.73685646057129,113.88312530517578,151.5619659423828,174.73934936523438,47.61947250366211,3.6345138549804688,31.253868103027344,3.8004424571990967,9.495347023010254,6.050564765930176,7.718594551086426,1.4140424728393555,21.68212890625,314.78668212890625,82.96849822998047,60.319820404052734,30.626394271850586,213.9834442138672,3.5290703773498535,58.8531608581543,102.64508819580078,79.25476837158203,10.443305969238281,9.581799507141113
2019-05-31,15.703476905822754,107.32373046875,146.6289520263672,159.44468688964844,40.57914733886719,3.2652251720428467,28.89349937438965,3.7539401054382324,8.714059829711914,6.211952209472656,6.589627742767334,1.2203328609466553,19.334636688232422,305.362548828125,84.23777770996094,62.41481399536133,29.2667179107666,209.60182189941406,3.0914077758789062,57.1781005859375,100.2496109008789,75.31950378417969,9.30722713470459,7.917225360870361
2019-06-30,15.42505168914795,116.49942016601562,156.31768798828125,173.04405212402344,43.918365478515625,3.298430919647217,29.522613525390625,4.138095378875732,9.372426986694336,6.549672603607178,6.930152893066406,1.2524082660675049,21.264083862304688,337.5581359863281,85.51551818847656,64.66203308105469,31.524673461914062,218.80328369140625,3.1919257640838623,60.082908630371094,109.63722229003906,77.66580963134766,9.347518920898438,8.413022994995117
2019-07-31,15.953048706054688,119.65763854980469,155.13792419433594,190.9945526123047,41.58916091918945,3.0854456424713135,29.81597137451172,4.272996425628662,9.114469528198242,6.548722743988037,6.845870018005371,1.3045809268951416,21.730365753173828,338.4599609375,89.44181823730469,66.30033874511719,35.07465744018555,212.42996215820312,3.0217883586883545,59.72673416137695,101.42987060546875,73.5003662109375,8.94057846069336,8.280914306640625
2019-08-31,16.839746475219727,117.11609649658203,147.83816528320312,190.47659301757812,41.34868240356445,2.8905718326568604,29.0065975189209,4.545269966125488,8.778227806091309,7.146284103393555,6.0687174797058105,1.3264082670211792,22.606657028198242,326.8262939453125,93.92660522460938,64.52430725097656,35.40488815307617,215.5767822265625,2.690901756286621,61.832130432128906,98.59723663330078,67.53064727783203,8.420825004577637,7.817755699157715
2019-09-30,18.160974502563477,111.37895965576172,157.68177795410156,214.0212860107422,44.055789947509766,3.206864595413208,31.576078414916992,4.722421646118164,9.27958869934082,7.286885738372803,6.701616287231445,1.4477229118347168,22.83175277709961,328.8553466796875,91.6249771118164,62.73377990722656,35.0870361328125,231.3905487060547,2.922835111618042,67.32515716552734,97.94355773925781,72.95093536376953,9.129947662353516,8.408360481262207
2019-10-31,17.662548065185547,119.9940185546875,161.4791259765625,221.3201446533203,46.879703521728516,3.2382631301879883,33.08879470825195,4.783770561218262,8.97278118133545,7.036247730255127,7.067261219024658,1.4946383237838745,22.822330474853516,344.9532165527344,89.12026977539062,62.407562255859375,32.42042541503906,236.44932556152344,2.8840763568878174,65.3938980102539,107.85774993896484,76.75995635986328,9.379751205444336,8.83421802520752
2019-11-30,18.501169204711914,124.64727020263672,160.2624969482422,233.6448516845703,46.872833251953125,3.2783732414245605,36.029396057128906,4.725868225097656,9.067997932434082,6.822286605834961,7.2877631187438965,1.530906319618225,23.075458526611328,367.3188171386719,87.93560028076172,66.73528289794922,34.79396057128906,245.5313262939453,2.8383357524871826,66.88983154296875,112.10669708251953,86.96195220947266,9.766545295715332,9.762091636657715
2019-12-31,17.638811111450195,121.91886138916016,161.03671264648438,249.44192504882812,46.27506637573242,3.4165287017822266,37.344181060791016,4.874758243560791,9.155277252197266,7.0148515701293945,7.458024978637695,1.562848687171936,25.680225372314453,375.6273193359375,88.66333770751953,66.61930084228516,35.92913055419922,250.15194702148438,2.993212938308716,70.93440246582031,109.23775482177734,86.53128814697266,9.851158142089844,10.118008613586426
2020-01-31,17.56365203857422,124.4977798461914,159.15647888183594,240.5028533935547,41.96018600463867,3.2008960247039795,33.9617805480957,5.528999328613281,8.369746208190918,7.6858344078063965,6.855828285217285,1.4943054914474487,24.798362731933594,358.4873962402344,90.01722717285156,66.09011840820312,34.17890548706055,258.3575439453125,2.851977825164795,68.82109832763672,106.968017578125,82.89302825927734,9.66984748840332,9.389076232910156
2020-02-29,16.75667381286621,101.00726318359375,143.6352996826172,234.6853790283203,36.47038269042969,2.971893072128296,30.950498580932617,5.332615852355957,7.377912998199463,8.036252975463867,6.00731086730957,1.4630287885665894,22.96930694580078,336.31427001953125,83.64545440673828,58.89899826049805,31.96635627746582,246.7262725830078,2.669816732406616,66.43077087402344,101.28459930419922,71.93806457519531,8.541698455810547,8.966326713562012
2020-03-31,16.839746475219727,55.44654083251953,115.67507934570312,229.34085083007812,29.64421272277832,1.998974323272705,19.44611930847168,4.461913108825684,6.096466541290283,6.995900630950928,3.336503744125366,0.9904807806015015,19.319366455078125,306.93157958984375,84.15315246582031,60.16794204711914,30.476192474365234,258.1993103027344,1.7798776626586914,63.430965423583984,93.33146667480469,59.79658126831055,7.289452075958252,5.554025173187256
2020-04-30,17.899253845214844,54.082340240478516,124.52326965332031,257.3043212890625,32.07648849487305,2.1645679473876953,20.26962661743164,4.389413356781006,5.761887550354004,7.117380142211914,3.494553327560425,0.9469592571258545,18.984586715698242,319.6278076171875,88.46790313720703,61.9838981628418,32.78780746459961,275.7935485839844,1.6350319385528564,70.59405517578125,98.90592956542969,65.36174774169922,8.332183837890625,5.4623260498046875
2020-05-31,18.42427635192871,52.97976303100586,127.6463394165039,278.5046691894531,33.42317581176758,2.0239834785461426,22.80023956298828,4.8574957847595215,5.656590938568115,7.54410982131958,4.051394462585449,1.0330705642700195,20.45435905456543,340.07781982421875,90.16954040527344,62.56410598754883,33.6753044128418,273.5325622558594,1.6350319385528564,71.83094024658203,104.54483032226562,76.05211639404297,8.610832214355469,5.957346439361572
2020-06-30,19.595481872558594,59.35228729248047,142.49478149414062,310.7806091308594,36.50197982788086,2.2203667163848877,25.002153396606445,5.404412746429443,5.912156581878662,8.036252975463867,4.324929237365723,1.1336891651153564,19.245878219604492,354.13433837890625,90.93354034423828,62.104469299316406,34.97330093383789,269.9561767578125,1.7449707984924316,74.39134979248047,114.51113891601562,80.86084747314453,9.116615295410156,6.36299991607666
2020-07-31,19.765106201171875,57.94135665893555,138.1515655517578,284.921875,34.25537109375,1.910935878753662,24.115026473999023,5.550974369049072,5.2513041496276855,8.68953800201416,4.114195346832275,1.1360849142074585,18.388511657714844,334.75042724609375,93.85063171386719,56.867557525634766,36.96961212158203,259.884765625,1.4513471126556396,72.66799926757812,123.22473907470703,83.60870361328125,8.94105339050293,6.000088691711426
2020-08-31,20.766910552978516,64.3232192993164,142.30662536621094,298.80194091796875,37.36550521850586,1.7775983810424805,25.846864700317383,5.450425624847412,5.43166446685791,8.395112037658691,4.7477922439575195,1.2013007402420044,19.229549407958984,358.52752685546875,94.24999237060547,58.80408477783203,33.385520935058594,259.5558776855469,1.494840383529663,69.64803314208984,127.14862060546875,89.27420806884766,9.183493614196777,6.41118049621582
2020-09-30,20.79161834716797,57.99742126464844,128.2735137939453,299.1822509765625,38.038753509521484,1.718900442123413,21.89543914794922,5.327613353729248,4.734199523925781,8.363283157348633,4.2265400886535645,1.0667433738708496,19.433685302734375,364.5516662597656,94.92716979980469,60.2131462097168,33.86143112182617,259.1036376953125,1.2836307287216187,70.0255126953125,122.28520965576172,92.37138366699219,8.610832214355469,5.47476053237915
2020-10-31,19.42472267150879,58.48330307006836,118.42682647705078,296.6153259277344,34.44563293457031,1.784119725227356,21.103740692138672,4.908184051513672,4.254974842071533,8.056921005249023,4.088376998901367,0.9446966648101807,17.87571144104004,367.1986389160156,89.50971984863281,53.86857604980469,33.58768081665039,242.3316192626953,1.3728654384613037,63.49319839477539,84.27142333984375,86.22357177734375,8.899253845214844,4.97429895401001
2020-11-30,19.75409507751465,81.97380828857422,154.95993041992188,347.2441711425781,44.88105010986328,2.8479254245758057,30.37086296081543,6.011340618133545,5.877401351928711,9.107304573059082,5.704468727111816,1.28128981590271,23.494035720825195,440.76611328125,87.84280395507812,61.99143600463867,36.5231819152832,245.86688232421875,2.0243172645568848,69.51671600341797,93.93376922607422,95.89909362792969,11.080277442932129,6.716585636138916
2020-12-31,19.02947425842285,83.88929748535156,157.34320068359375,379.4061279296875,47.36183547973633,2.9240148067474365,30.469825744628906,5.943829536437988,6.050827980041504,9.310218811035156,5.331845760345459,1.2727717161178589,21.967134475708008,468.2625427246094,90.51680755615234,63.03128433227539,36.876953125,254.0474090576172,2.1252191066741943,64.58465576171875,98.76032257080078,100.62555694580078,10.719244956970215,5.943358421325684
2021-01-31,19.42472267150879,77.74102783203125,146.2264862060547,419.3939514160156,46.71053695678711,2.7298052310943604,28.119468688964844,6.001333236694336,5.912086486816406,9.022550582885742,5.146233558654785,1.2013007402420044,20.659563064575195,456.7140197753906,86.85308074951172,60.68032455444336,37.8666877746582,252.52642822265625,2.022223711013794,63.312660217285156,96.53126525878906,109.547607421875,11.067383766174316,5.8726420402526855
2021-02-28,17.983718872070312,89.61709594726562,156.6376495361328,444.11181640625,49.564544677734375,3.335623264312744,34.831241607666016,5.74709415435791,6.711973667144775,8.4094877243042,6.393646240234375,1.420106291770935,23.038494110107422,481.1856994628906,82.47743225097656,58.9171028137207,37.8666877746582,244.96255493164062,2.4262502193450928,62.20479202270508,94.00743865966797,112.4764633178711,12.120397567749023,6.636543273925781
2021-03-31,19.556468963623047,90.20575714111328,170.16116333007812,493.404541015625,51.84042739868164,3.2073583602905273,36.67265319824219,6.222599983215332,7.428332805633545,8.861218452453613,7.378971099853516,1.537561058998108,23.704933166503906,520.688720703125,91.4544448852539,63.34318161010742,41.0001335144043,258.6983642578125,2.4258315563201904,69.13922882080078,96.1812515258789,123.04035949707031,12.580284118652344,7.004117488861084
2021-04-30,18.764657974243164,93.38267517089844,169.65158081054688,516.5001220703125,51.498775482177734,3.4297211170196533,37.740028381347656,6.057015895843506,7.029095649719238,9.062887191772461,7.5190253257751465,1.5445483922958374,25.284053802490234,577.6375122070312,96.9813461303711,61.13946533203125,39.48816680908203,252.0498809814453,2.7154622077941895,71.6175765991211,107.54762268066406,122.00330352783203,12.276357650756836,6.748703956604004
2021-05-31,19.799692153930664,99.66175842285156,176.55902099609375,523.7262573242188,51.176334381103516,3.771554946899414,40.2738151550293,5.902421474456787,7.28837776184082,8.869284629821777,8.021238327026367,1.6326522827148438,27.051036834716797,601.4366455078125,98.60246276855469,61.892337799072266,39.46582794189453,264.83868408203125,2.891988515853882,74.1171646118164,106.310546875,116.57195281982422,12.858217239379883,8.276266098022461
2021-06-30,21.010719299316406,101.32496643066406,172.33863830566406,554.5448608398438,51.0074348449707,3.83911395072937,38.12491989135742,5.738302707672119,7.443480968475342,8.292520523071289,7.8797688484191895,1.573872685432434,25.360876083374023,610.0153198242188,102.62850189208984,66.12724304199219,35.83437728881836,295.2015380859375,2.7192630767822266,75.3017349243164,111.29267883300781,117.43323516845703,12.483534812927246,7.842747211456299
2021-07-31,21.953563690185547,108.10861206054688,172.09278869628906,611.5881958007812,50.838531494140625,3.9734978675842285,37.1009521484375,5.833478927612305,7.265185356140137,8.3953857421875,7.671809673309326,1.5752239227294922,24.404830932617188,621.6383666992188,102.25440216064453,65.78217315673828,33.347660064697266,296.72607421875,2.6077730655670166,74.04045104980469,113.16566467285156,115.64036560058594,13.171187400817871,7.967285633087158
2021-08-31,24.31336784362793,108.10861206054688,163.06202697753906,674.2784423828125,50.301124572753906,4.073368072509766,38.74507141113281,5.786240577697754,7.576839923858643,8.672203063964844,8.275877952575684,1.6198152303695679,24.67798614501953,578.19091796875,103.0916748046875,66.49583435058594,33.47628402709961,311.46282958984375,2.6415576934814453,74.67108917236328,119.365234375,123.77860260009766,13.470932960510254,8.329864501953125
2021-09-30,24.453784942626953,107.5479736328125,159.66932678222656,618.1921997070312,50.55447769165039,4.198205471038818,41.1058464050293,4.9869489669799805,8.71060848236084,7.175742149353027,8.889851570129395,1.6576502323150635,27.162004470825195,572.0105590820312,100.3838882446289,60.25326919555664,32.87604522705078,289.61175537109375,2.6491591930389404,70.80204010009766,109.45716094970703,124.727783203125,13.224082946777344,9.064480781555176
2021-10-31,23.938920974731445,103.3432388305664,164.84031677246094,670.4500122070312,47.81370544433594,4.511303901672363,42.929813385009766,5.425584316253662,9.357908248901367,8.440835952758789,9.650773048400879,1.7271586656570435,26.970930099487305,624.682373046875,107.61651611328125,59.32002639770508,34.92115020751953,299.8597412109375,2.8089346885681152,73.6569595336914,117.36114501953125,123.28643798828125,14.674324989318848,9.004576683044434
2021-11-30,25.232460021972656,92.24272155761719,157.7025604248047,671.3231811523438,44.43572998046875,3.4995718002319336,40.838932037353516,5.028937816619873,8.783034324645996,8.183849334716797,8.979926109313965,1.5331650972366333,24.052818298339844,636.0904541015625,105.10469055175781,57.59469223022461,26.749300003051758,304.60260009765625,2.3575680255889893,71.46675872802734,105.99214172363281,124.16529846191406,14.0527925491333,8.426026344299316
2021-12-31,25.645198822021484,104.98776245117188,170.1669921875,678.13623046875,47.42984390258789,3.9070181846618652,45.057762145996094,5.283122539520264,9.219091415405273,8.60196590423584,9.004936218261719,1.648034691810608,24.63125991821289,673.5184936523438,113.51307678222656,62.95891189575195,28.095556259155273,321.07562255859375,2.520883083343506,75.48921966552734,116.96781921386719,134.18429565429688,14.47596263885498,10.675593376159668
2022-01-31,24.470800399780273,104.76351165771484,186.31094360351562,570.1832885742188,51.83656692504883,4.192788600921631,46.71118927001953,5.2282867431640625,10.039910316467285,8.536904335021973,9.608108520507812,1.8984285593032837,23.08587074279785,669.442138671875,106.06666564941406,62.84126281738281,25.197248458862305,302.2735290527344,2.6529064178466797,79.04295349121094,103.38868713378906,122.93489837646484,15.075456619262695,11.027138710021973
2022-02-28,23.385765075683594,107.3611068725586,166.60223388671875,574.693359375,45.487510681152344,3.93678617477417,38.93340301513672,5.087960720062256,10.435227394104004,8.5537109375,7.722089767456055,1.6621670722961426,20.374967575073242,611.3546752929688,106.69017028808594,63.00596237182617,26.016149520874023,296.3026123046875,2.5586037635803223,79.65656280517578,94.88534545898438,114.4814682006836,14.885909080505371,8.976201057434082
2022-03-31,24.77716827392578,103.11898803710938,177.46046447753906,585.3447265625,39.737274169921875,3.877250909805298,38.50337219238281,4.678549766540527,10.029346466064453,8.335246086120605,6.9960737228393555,1.5099737644195557,17.076982498168945,601.6270751953125,107.06427764892578,66.55209350585938,23.778108596801758,318.64288330078125,2.6576216220855713,78.83842468261719,94.69804382324219,113.57762145996094,15.996733665466309,7.767866134643555
2022-04-30,24.350500106811523,100.0291519165039,177.1736297607422,525.8505859375,38.70085144042969,3.9373719692230225,36.85364532470703,4.7942023277282715,10.101773262023926,9.251116752624512,7.002359867095947,1.4167011976242065,17.759870529174805,580.52783203125,114.81256866455078,70.8605728149414,21.43716812133789,315.1212463378906,2.459559440612793,86.22713470458984,91.3641357421875,106.45529174804688,15.171500205993652,7.435544490814209
2022-05-31,22.283004760742188,103.09996795654297,168.3299102783203,517.9122314453125,42.2243537902832,3.952937364578247,42.26633071899414,4.660045146942139,11.05353832244873,9.27212142944336,8.319927215576172,1.5325400829315186,19.783254623413086,559.6307373046875,106.6116714477539,71.14726257324219,21.342241287231445,283.8177795410156,2.6324663162231445,88.10516357421875,89.28783416748047,110.66722106933594,16.378684997558594,9.101340293884277
2022-06-30,21.550495147705078,87.62264251708984,157.19537353515625,440.4669189453125,34.18534469604492,3.370386838912964,36.102657318115234,4.024724006652832,8.81916332244873,8.318953514099121,7.455835819244385,1.3434728384017944,19.076396942138672,545.1058349609375,101.54534149169922,66.22445678710938,18.286359786987305,276.9919128417969,2.3473446369171143,85.41004943847656,83.64900970458984,87.7546615600586,13.968852043151855,7.569142818450928
2022-07-31,23.305917739868164,99.40361022949219,153.05230712890625,536.6573486328125,35.74127960205078,3.437709093093872,36.60800552368164,3.934445858001709,9.121232032775879,9.006399154663086,7.503270149230957,1.3046780824661255,20.931907653808594,632.5363159179688,106.10139465332031,66.92887878417969,17.93050765991211,274.25286865234375,2.1307740211486816,86.18135833740234,87.2574691772461,98.1037368774414,14.055079460144043,7.999159336090088
2022-08-31,24.15032196044922,92.77859497070312,145.5084228515625,469.422119140625,34.63401412963867,3.4956915378570557,36.993980407714844,3.7633304595947266,9.192856788635254,8.967543601989746,7.056911945343018,1.3004515171051025,19.041051864624023,606.7664794921875,104.40653991699219,64.81559753417969,14.810572624206543,274.25286865234375,2.1106886863708496,72.85652923583984,81.73411560058594,91.36101531982422,14.095924377441406,8.18118667602539
2022-09-30,23.03535270690918,84.24853515625,139.65634155273438,419.97613525390625,32.6005859375,3.5960912704467773,34.702003479003906,3.385434865951538,8.660222053527832,8.274144172668457,7.130974292755127,1.2852052450180054,18.802488327026367,572.0003051757812,97.57246398925781,61.8668327331543,14.234091758728027,281.2526550292969,2.0936598777770996,69.50538635253906,80.945068359375,91.469482421875,13.138346672058105,8.732277870178223
2022-10-31,24.89950942993164,103.85819244384766,157.26441955566406,462.9810485839844,37.404239654541016,4.158078193664551,37.797767639160156,3.621870756149292,10.520861625671387,8.872553825378418,8.013289451599121,1.4559320211410522,20.678924560546875,598.801025390625,99.35842895507812,66.26541137695312,11.40328598022461,289.16546630859375,2.341057062149048,77.4222640991211,93.98365020751953,100.0018081665039,14.42268180847168,10.477396965026855
2022-11-30,24.51610565185547,103.49803924560547,176.38302612304688,545.0507202148438,39.93983840942383,4.479772567749023,42.52099609375,4.1147780418396,11.549301147460938,9.308629035949707,9.33032512664795,1.6567639112472534,22.40968132019043,690.9171752929688,102.36542510986328,68.51793670654297,12.625638961791992,267.64434814453125,2.5450735092163086,76.66869354248047,100.51737976074219,118.60301208496094,15.634405136108398,10.874849319458008
2022-12-31,23.656740188598633,105.2229995727539,173.40518188476562,489.3896789550781,38.190433502197266,4.497333526611328,42.37774658203125,4.031424522399902,10.712368965148926,9.438154220581055,9.167705535888672,1.6224106550216675,22.400665283203125,641.4783935546875,97.62713623046875,68.46880340576172,12.45838737487793,252.60133361816406,2.5022170543670654,79.64749145507812,92.75196075439453,117.17493438720703,15.616250038146973,11.081926345825195
2023-01-31,24.137100219726562,108.84353637695312,189.20066833496094,585.3636474609375,43.138153076171875,5.15908145904541,50.057472229003906,4.479317665100098,11.397716522216797,9.431978225708008,10.739768981933594,1.8816215991973877,25.799076080322266,754.7914428710938,101.58179473876953,67.543212890625,14.070398330688477,248.0362548828125,2.8598036766052246,79.49678039550781,104.28942108154297,129.15994262695312,17.644866943359375,14.932879447937012
2023-02-28,26.455175399780273,117.54419708251953,191.74693298339844,568.513671875,39.90690612792969,5.885488033294678,52.6439094543457,4.417832374572754,10.776874542236328,9.53731632232666,10.751113891601562,1.999906063079834,26.22275161743164,744.4130859375,96.66124725341797,64.93846130371094,13.744794845581055,236.34092712402344,3.3236401081085205,78.8052749633789,103.42339324951172,134.6157989501953,18.561599731445312,16.155298233032227
2023-03-31,27.75524139404297,116.84283447265625,183.6765594482422,608.6210327148438,39.812232971191406,5.245292663574219,43.93756866455078,4.6754069328308105,10.597681999206543,10.081550598144531,8.857959747314453,1.8484394550323486,27.85434913635254,796.6823120117188,101.56356048583984,71.68738555908203,14.977822303771973,235.33172607421875,3.0589094161987305,88.86759185791016,111.6795654296875,138.8580322265625,17.508718490600586,14.53709602355957
2023-04-30,28.045927047729492,122.21673583984375,196.3215789794922,559.9693603515625,41.509708404541016,5.571186542510986,46.62746047973633,5.150675296783447,11.287443161010742,10.344923973083496,9.39455509185791,1.8617124557495117,28.63378143310547,828.2064208984375,107.06768035888672,77.99512481689453,16.9794921875,252.82716369628906,2.8974080085754395,88.65482330322266,118.22291564941406,138.5231170654297,16.887493133544922,15.777225494384766
2023-05-31,26.644527435302734,117.79486846923828,182.00152587890625,655.6572265625,39.35226821899414,5.127166748046875,45.97867965698242,4.867341995239258,10.393243789672852,10.011216163635254,9.65290641784668,1.748097538948059,28.753244400024414,773.911865234375,100.87847900390625,74.59732818603516,16.399539947509766,259.9065246582031,2.7687454223632812,87.25493621826172,119.57286071777344,142.6536865234375,16.11626625061035,15.75435733795166
2023-06-30,28.081859588623047,127.23460388183594,194.03302001953125,647.3577880859375,39.400997161865234,5.891215801239014,49.13699722290039,5.124917984008789,11.004315376281738,10.494214057922363,10.34910774230957,1.9463857412338257,32.585166931152344,820.5994873046875,100.5979995727539,77.02798461914062,18.408823013305664,246.64962768554688,3.077899217605591,90.30812072753906,122.4697036743164,141.90943908691406,16.915536880493164,18.70137596130371
2023-07-31,28.194149017333984,128.7918701171875,197.85543823242188,636.8125610351562,43.21085739135742,6.040339469909668,51.09498977661133,5.381190299987793,11.59034252166748,10.248861312866211,11.13925838470459,2.132103204727173,31.987865447998047,806.4315795898438,99.92485046386719,77.94377136230469,17.57239532470703,244.0343475341797,3.349318027496338,89.2873306274414,121.74549865722656,144.1793975830078,18.01862144470215,20.22721290588379
2023-08-31,27.53862762451172,130.13766479492188,204.18063354492188,594.8804321289062,41.456546783447266,6.087254047393799,50.831085205078125,5.327996730804443,11.924262046813965,9.892338752746582,11.281853675842285,2.004776954650879,32.49327850341797,743.7693481445312,99.47608947753906,76.43743896484375,19.330751419067383,234.74551391601562,3.275212287902832,90.71276092529297,126.07118225097656,129.201416015625,21.968229293823242,19.844655990600586
2023-09-30,26.028223037719727,122.06294250488281,205.4092559814453,547.1255493164062,38.054256439208984,6.459225654602051,51.44402313232422,4.993388652801514,12.93816089630127,9.562895774841309,10.808188438415527,1.9788254499435425,32.428951263427734,681.2022094726562,96.98918151855469,80.34020233154297,17.626298904418945,225.86251831054688,3.290215253829956,93.32453155517578,120.19921112060547,126.20582580566406,21.211029052734375,19.989763259887695
2023-10-31,25.55365753173828,121.3900375366211,201.04078674316406,553.1925659179688,38.57257843017578,6.350314140319824,46.217044830322266,5.137526988983154,13.084031105041504,9.477150917053223,10.358636856079102,1.9922070503234863,30.46380615234375,641.3607788085938,91.6788101196289,76.34056091308594,16.633739471435547,210.8922119140625,3.224727153778076,78.81268310546875,124.03555297851562,116.25151062011719,19.836843490600586,20.776866912841797
2023-11-30,24.23946762084961,130.9259033203125,209.86874389648438,611.2247924804688,37.8194694519043,7.2777910232543945,49.1795654296875,5.564795970916748,13.063681602478027,10.239835739135742,11.090665817260742,2.2636666297912598,35.40540313720703,668.17529296875,92.8848648071289,76.86431121826172,17.44414520263672,212.876220703125,3.536407232284546,78.59197998046875,142.37567138671875,143.2677001953125,23.024574279785156,21.97290802001953
2023-12-31,23.742084503173828,134.36727905273438,220.19834899902344,668.8153076171875,43.2197151184082,7.03822135925293,53.2828254699707,5.774141311645508,13.218708992004395,10.713692665100098,11.648730278015137,2.265380620956421,36.90285110473633,703.0877075195312,91.16460418701172,76.63855743408203,19.595619201660156,220.4966583251953,3.516403913497925,82.54640197753906,136.5037078857422,158.07823181152344,24.398757934570312,21.60354232788086
2024-01-31,23.73752212524414,142.07672119140625,225.52244567871094,783.1134033203125,39.39213562011719,7.423244476318359,53.248775482177734,5.621821403503418,12.758793830871582,10.259162902832031,11.359362602233887,2.453483819961548,37.16490936279297,741.4239501953125,92.14627075195312,80.72919464111328,18.37908363342285,222.84141540527344,3.475466728210449,85.85709381103516,157.3687744140625,155.0640106201172,24.295928955078125,23.885700225830078
2024-02-29,25.11559295654297,147.01768493652344,231.02854919433594,855.5619506835938,41.70906448364258,7.859603404998779,47.144962310791016,5.215766906738281,12.271316528320312,9.749649047851562,10.928756713867188,2.5177559852600098,38.381587982177734,807.7457275390625,85.78878021240234,80.81047058105469,17.19507598876953,209.17874145507812,3.5778095722198486,80.8266830444336,169.19100952148438,175.036376953125,23.566768646240234,27.18361473083496
2024-03-31,25.298118591308594,164.10919189453125,252.8253936767578,876.8894653320312,46.89666748046875,9.44589900970459,56.06657791137695,5.425000190734863,12.8280611038208,10.552937507629395,13.130010604858398,2.881965160369873,43.67882537841797,799.0242919921875,89.51912689208984,81.86277770996094,17.291728973388672,215.74356079101562,4.206752300262451,83.64996337890625,176.60926818847656,169.31472778320312,25.931859970092773,30.9344425201416
2024-04-30,26.549089431762695,151.27943420410156,242.63230895996094,820.132080078125,46.663475036621094,9.025653839111328,57.55635452270508,5.479968547821045,13.255430221557617,10.5667085647583,13.451171875,3.0216500759124756,40.7964973449707,749.2431640625,89.00370025634766,83.4368896484375,23.46641731262207,207.1964874267578,4.339662075042725,85.59959411621094,166.07884216308594,168.30052185058594,23.338926315307617,32.0492057800293
2024-05-31,26.642440795898438,152.4726104736328,257.2048645019531,857.656982421875,45.95623779296875,8.81719970703125,61.51454162597656,5.901094913482666,12.894964218139648,11.112998008728027,14.810588836669922,3.220069169998169,41.47247314453125,711.0263061523438,92.24722290039062,87.29718780517578,23.91257095336914,216.96456909179688,4.587818622589111,85.97331237792969,164.47341918945312,168.64495849609375,27.39703369140625,33.72209930419922
2024-06-30,25.755603790283203,125.44026947021484,248.768798828125,949.6473388671875,42.89470672607422,8.295619010925293,54.09100341796875,5.7574687004089355,12.768648147583008,11.126774787902832,14.44675064086914,3.099517345428467,44.13829040527344,690.418212890625,88.54034423828125,90.10808563232422,22.672731399536133,234.34051513671875,4.1095356941223145,86.14571380615234,187.82237243652344,166.21470642089844,25.43529510498047,32.0723762512207
2024-07-31,27.799997329711914,136.883056640625,250.0150146484375,839.2180786132812,40.91538619995117,8.607857704162598,57.66193389892578,6.038580894470215,13.163609504699707,11.515623092651367,15.159948348999023,3.349104166030884,42.710174560546875,631.7868041992188,86.04978942871094,92.36617279052734,25.06591033935547,268.4349670410156,4.227683067321777,91.3083267211914,193.2731170654297,162.10049438476562,25.637237548828125,35.17720031738281
2024-08-31,29.478300094604492,135.76812744140625,269.2838134765625,801.228759765625,43.525997161865234,8.506733894348145,56.86233901977539,6.285838603973389,13.053304672241211,12.120713233947754,15.17605972290039,3.361605644226074,46.632728576660156,652.3949584960938,87.86460876464844,95.68303680419922,26.15196990966797,269.7499084472656,4.2665910720825195,96.9306869506836,195.9489288330078,162.57887268066406,24.97370719909668,34.64427947998047
2024-09-30,29.449827194213867,128.335205078125,282.8007507324219,735.7095947265625,45.14457702636719,8.611405372619629,55.92644119262695,6.570642948150635,12.38770866394043,13.132349014282227,15.064976692199707,3.426792860031128,50.59336853027344,666.1336059570312,82.01469421386719,91.02631378173828,28.276039123535156,254.1584930419922,4.365758895874023,98.55897521972656,202.56907653808594,173.5054931640625,25.06025505065918,36.4840087890625
2024-10-31,28.766490936279297,137.0786590576172,277.43231201171875,614.3844604492188,42.382076263427734,8.367852210998535,57.016807556152344,6.382909774780273,12.686491012573242,12.900713920593262,14.509549140930176,3.515644073486328,50.51799774169922,589.990234375,78.75186920166016,87.8874740600586,23.1821231842041,251.62254333496094,4.3598313331604,93.01323699951172,212.8759307861328,170.69252014160156,25.52184295654297,37.70276641845703
2024-11-30,30.98733139038086,144.3159637451172,280.1165466308594,651.17626953125,40.26985168457031,8.17214584350586,51.465049743652344,6.236387252807617,12.356975555419922,12.754167556762695,13.569029808044434,3.3864355087280273,50.40208435058594,573.2522583007812,73.82867431640625,87.39088439941406,24.787187576293945,239.97596740722656,4.246759414672852,88.20500946044922,222.8854522705078,175.2468719482422,27.38741683959961,34.50590896606445
2024-12-31,29.886402130126953,151.3772430419922,283.66351318359375,671.2535400390625,40.30782699584961,8.644037246704102,53.809329986572266,6.305985450744629,12.065703392028809,12.574532508850098,14.005965232849121,3.6067824363708496,47.948631286621094,620.6163330078125,72.28413391113281,83.10894775390625,23.451234817504883,239.97596740722656,4.3331403732299805,89.785400390625,234.183349609375,181.4086456298828,26.666189193725586,36.53539276123047
2025-01-31,32.42043685913086,163.44595336914062,301.39849853515625,714.7708129882812,44.247474670410156,10.105440139770508,59.715450286865234,6.485265254974365,12.627968788146973,13.116503715515137,15.028554916381836,3.9148945808410645,50.92369079589844,687.0238037109375,74.79400634765625,89.55528259277344,25.642580032348633,268.622802734375,4.817944049835205,99.99569702148438,266.09490966796875,198.48745727539062,31.099334716796875,42.12594223022461
2025-02-28,32.2401123046875,162.0571746826172,316.6409606933594,672.60888671875,46.7156867980957,11.72871208190918,66.2031021118164,6.664650917053223,12.769919395446777,13.414606094360352,16.038938522338867,4.419078826904297,50.22822189331055,678.6251831054688,84.09981536865234,91.50416564941406,24.104793548583984,281.0207824707031,6.038929462432861,99.95738220214844,262.9235534667969,216.5952606201172,29.71457862854004,47.99626922607422
2025-03-31,32.80006790161133,159.2013702392578,337.5394592285156,600.6498413085938,43.56871795654297,11.47264575958252,69.88307189941406,7.078182697296143,13.412420272827148,14.366609573364258,16.830408096313477,4.420012474060059,44.28776550292969,558.310546875,86.24285125732422,94.95086669921875,22.461286544799805,281.873046875,6.0136942863464355,97.62031555175781,242.21078491210938,207.4888458251953,25.839181900024414,48.868751525878906
2025-04-30,34.999385833740234,147.13999938964844,349.0432434082031,579.1583862304688,42.367835998535156,11.463906288146973,67.50244140625,7.216970443725586,11.913394927978516,15.284957885742188,16.593719482421875,4.371461868286133,46.43379211425781,483.7247009277344,87.73999786376953,91.02046203613281,21.442501068115234,261.3026123046875,6.102831840515137,91.85427856445312,253.01315307617188,197.74598693847656,24.889999389648438,49.81175994873047
2025-05-31,36.006561279296875,162.0800018310547,348.70001220703125,650.1488037109375,42.400001525878906,12.557064056396484,74.59259796142578,7.633334159851074,12.400030136108398,15.467644691467285,18.218568801879883,4.747468948364258,46.905601501464844,474.15728759765625,87.69999694824219,91.25337219238281,20.25,257.6154479980469,6.940959453582764,87.5199966430664,265.8999938964844,207.3909454345703,26.190000534057617,55.27473449707031
2025-06-30,34.37958526611328,177.25999450683594,344.1000061035156,673.7127685546875,41.86000061035156,12.4097261428833,73.7996826171875,7.605953693389893,13.15328598022461,15.669649124145508,18.1658992767334,4.729581832885742,43.4260139465332,440.7952575683594,78.83000183105469,93.3301773071289,20.40999984741211,250.72630310058594,6.937010288238525,82.20999908447266,258.1499938964844,213.11915588378906,26.850000381469727,55.61677932739258
2025-07-31,33.50798797607422,176.0399932861328,347.20001220703125,611.199462890625,43.15999984741211,13.916383743286133,77.41616821289062,7.543888568878174,14.252578735351562,15.149454116821289,19.983856201171875,5.119725227355957,41.19475555419922,468.30780029296875,71.0999984741211,91.40865325927734,23.100000381469727,249.4649200439453,7.4394917488098145,78.83999633789062,250.8000030517578,220.21823120117188,30.440000534057617,63.161346435546875
2025-08-31,33.658084869384766,179.05999755859375,361.20001220703125,634.6266479492188,45.36000061035156,14.724369049072266,74.29283905029297,7.691195964813232,14.569938659667969,15.859816551208496,20.21859359741211,5.197076797485352,41.47980499267578,499.78607177734375,75.38999938964844,98.17283630371094,23.549999237060547,252.5698699951172,8.055500984191895,84.48999786376953,231.6999969482422,231.6746826171875,32.380001068115234,64.539306640625
2025-09-30,33.85462951660156,197.39999389648438,356.3999938964844,825.5330200195312,42.59000015258789,15.532357215881348,77.33000183105469,7.86874532699585,14.464872360229492,15.889413833618164,21.921682357788086,5.428165435791016,46.168399810791016,516.0457153320312,73.06999969482422,97.16354370117188,23.040000915527344,252.1817626953125,8.760356903076172,78.55000305175781,225.5500030517578,221.4911651611328,32.5099983215332,63.00498580932617
2025-10-31,34.89630889892578,213.39999389648438,348.20001220703125,916.8694458007812,42.790000915527344,16.573232650756836,67.05999755859375,8.557480812072754,15.513785362243652,17.329870223999023,21.56914710998535,5.39142370223999,47.900001525878906,606.86181640625,76.87999725341797,96.33863830566406,23.739999771118164,251.21145629882812,8.826000213623047,87.5999984741211,224.4499969482422,240.43836975097656,30.729999542236328,62.574981689453125
2025-11-30,35.03388977050781,204.4499969482422,372.29998779296875,902.189208984375,44.900001525878906,17.975322723388672,73.69000244140625,8.690154075622559,15.954424858093262,17.941570281982422,22.194772720336914,5.585999965667725,48.25,630.0615844726562,79.83000183105469,101.3947982788086,24.260000228881836,298.2711486816406,9.243000030517578,85.76000213623047,208.5500030517578,223.54745483398438,31.020000457763672,64.08999633789062
2025-12-31,34.336158752441406,198.94000244140625,390.5,917.1691284179688,44.43000030517578,19.442201614379883,81.0999984741211,8.659912109375,15.962336540222168,18.207956314086914,23.858139038085938,5.921000003814697,56.619998931884766,639.2999877929688,78.73999786376953,106.36360168457031,23.309999465942383,318.4534606933594,10.12600040435791,83.0,208.35000610351562,234.1715850830078,36.959999084472656,70.91999816894531
